sample_id,species,type1,type2,16S_AA,tetA_AA,tetM_AA,tetO_AA,tetW_AA,sum.tet_AA,sul1_AA,sul2_AA,sum.sul_AA,blaCTX_AA,blaSHV_AA,blaTEM_AA,sum.bla_AA,ermB_AA,ermF_AA,sum.erm_AA,intI1_AA,sum.ARGs_AA,tetA_RA,tetM_RA,tetO_RA,tetW_RA,sum.tet_RA,sul1_RA,sul2_RA,sum.sul_RA,blaCTX_RA,blaSHV_RA,blaTEM_RA,sum.bla_RA,ermB_RA,ermF_RA,sum.erm_RA,intI1_RA,sum.ARGs_RA,pH,EC,COD,TN,TP,Cu,Zn,CTC,OTC,TC,sum.TET,SDZ,SMZ,SMX,SP,sum.SF
BR#1,SW,BR,BR_SW,1.810E+09,6.030E+04,6.400E+06,7.630E+05,7.930E+05,8.020E+06,1.880E+07,8.210E+05,1.960E+07,1.100E+02,1.140E+02,3.210E+03,3.430E+03,4.060E+06,2.500E+03,4.060E+06,1.490E+07,3.170E+07,3.340E-05,3.540E-03,4.220E-04,4.390E-04,4.430E-03,1.040E-02,4.540E-04,1.090E-02,6.080E-08,6.300E-08,1.770E-06,1.890E-06,2.250E-03,1.380E-06,2.250E-03,8.240E-03,1.750E-02,6.9,7.93,2060,640,67.4,0.347,1.163,NA,NA,NA,NA,NA,NA,NA,NA,NA
BR#2,SW,BR,BR_SW,1.250E+10,1.010E+08,2.230E+08,1.590E+07,2.350E+07,3.630E+08,3.970E+09,2.180E+08,4.190E+09,9.170E+02,1.400E+03,1.320E+06,1.320E+06,6.330E+07,2.670E+04,6.330E+07,3.930E+08,4.620E+09,8.060E-03,1.770E-02,1.270E-03,1.870E-03,2.890E-02,3.160E-01,1.730E-02,3.330E-01,7.310E-08,1.120E-07,1.050E-04,1.050E-04,5.040E-03,2.130E-06,5.040E-03,3.130E-02,3.670E-01,6.3,3.12,730,250,62.1,0.339,1.912,NA,NA,NA,NA,NA,NA,NA,NA,NA
BR#3,SW,BR,BR_SW,1.050E+10,3.990E+06,2.580E+08,3.940E+07,1.920E+07,3.210E+08,4.940E+08,7.350E+07,5.680E+08,2.370E+03,0.000E+00,6.940E+04,7.180E+04,3.380E+07,2.060E+04,3.380E+07,1.360E+08,9.220E+08,3.810E-04,2.460E-02,3.760E-03,1.830E-03,3.060E-02,4.710E-02,7.010E-03,5.410E-02,2.270E-07,0.000E+00,6.620E-06,6.850E-06,3.230E-03,1.970E-06,3.230E-03,1.300E-02,8.790E-02,6.3,4.95,1940,440,120.2,0.519,3.209,NA,NA,NA,NA,NA,NA,NA,NA,NA
BR#4,SW,BR,BR_SW,2.170E+09,4.050E+05,1.670E+07,1.330E+06,2.220E+06,2.070E+07,6.260E+07,4.140E+06,6.670E+07,1.020E+02,0.000E+00,2.420E+04,2.430E+04,2.450E+06,1.370E+03,2.450E+06,1.680E+07,8.990E+07,1.870E-04,7.700E-03,6.110E-04,1.020E-03,9.520E-03,2.890E-02,1.910E-03,3.080E-02,4.700E-08,0.000E+00,1.110E-05,1.110E-05,1.130E-03,6.320E-07,1.130E-03,7.760E-03,4.150E-02,6.3,2.81,3920,330,205.9,0.723,4.978,5.57,2.62,2.23,10.42,2.01,0.03,0,0,2.04
BR#5,SW,BR,BR_SW,1.900E+10,4.780E+06,1.470E+10,2.080E+07,2.020E+08,1.490E+10,7.010E+08,6.120E+07,7.620E+08,3.420E+02,4.200E+01,3.820E+05,3.820E+05,4.150E+07,9.090E+03,4.150E+07,2.270E+08,1.570E+10,2.520E-04,7.750E-01,1.100E-03,1.060E-02,7.870E-01,3.690E-02,3.230E-03,4.010E-02,1.800E-08,2.210E-09,2.010E-05,2.010E-05,2.180E-03,4.790E-07,2.180E-03,1.200E-02,8.290E-01,6.6,3.61,4280,400,196.1,0.536,2.829,1.96,1.68,7.25,10.9,0.09,101.34,0,0,101.43
BR#6,CA,BR,BR_CA,7.860E+09,1.180E+06,7.530E+06,8.010E+05,1.140E+06,1.065E+07,2.250E+08,7.210E+06,2.320E+08,1.570E+03,0.000E+00,1.220E+05,1.240E+05,7.360E+05,9.720E+03,7.460E+05,1.150E+08,2.440E+08,1.500E-04,9.580E-04,1.020E-04,1.450E-04,1.355E-03,2.870E-02,9.180E-04,2.960E-02,2.000E-07,0.000E+00,1.560E-05,1.580E-05,9.370E-05,1.240E-06,9.490E-05,1.460E-02,3.110E-02,6.6,1.67,900,80,27.5,0.117,0.269,0,0.87,0.77,1.64,0,0,0,0,0
BR#7,SW,BR,BR_SW,3.620E+10,1.840E+06,3.500E+08,7.480E+07,4.900E+07,4.760E+08,7.570E+09,5.630E+08,8.130E+09,0.000E+00,0.000E+00,1.370E+05,1.370E+05,1.180E+08,4.250E+04,1.180E+08,3.170E+09,8.730E+09,5.080E-05,9.650E-03,2.060E-03,1.350E-03,1.311E-02,2.090E-01,1.550E-02,2.250E-01,0.000E+00,0.000E+00,3.770E-06,3.770E-06,3.260E-03,1.170E-06,3.260E-03,8.770E-02,2.410E-01,6.9,7.63,4360,940,175.2,1.453,4.495,0,0.46,0.68,1.14,2.53,0.08,0,0,2.61
BR#8,SW,BR,BR_SW,2.250E+10,8.690E+04,1.310E+08,9.530E+06,2.100E+07,1.620E+08,1.310E+09,6.710E+07,1.380E+09,0.000E+00,0.000E+00,4.440E+04,4.440E+04,6.980E+07,1.650E+04,6.980E+07,7.910E+07,1.610E+09,3.870E-06,5.840E-03,4.250E-04,9.330E-04,7.200E-03,5.820E-02,2.990E-03,6.120E-02,0.000E+00,0.000E+00,1.980E-06,1.980E-06,3.110E-03,7.340E-07,3.110E-03,3.520E-03,7.150E-02,6.9,7.99,8000,1940,354.1,5.839,20.75,NA,NA,NA,NA,NA,NA,NA,NA,NA
BR#9,CA,BR,BR_CA,3.240E+10,2.760E+06,5.070E+07,3.280E+07,2.190E+07,1.082E+08,3.400E+08,4.630E+07,3.860E+08,2.600E+03,0.000E+00,9.130E+04,9.390E+04,5.030E+06,4.760E+04,5.080E+06,2.530E+08,5.000E+08,8.530E-05,1.560E-03,1.010E-03,6.750E-04,3.330E-03,1.050E-02,1.430E-03,1.190E-02,8.030E-08,0.000E+00,2.820E-06,2.900E-06,1.550E-04,1.470E-06,1.560E-04,7.830E-03,1.540E-02,6.6,2.21,8810,432,58,2.191,9.938,NA,NA,NA,NA,NA,NA,NA,NA,NA
BR#10,CA,BR,BR_CA,3.390E+10,1.870E+06,1.350E+07,4.180E+06,6.440E+06,2.600E+07,7.350E+08,4.120E+07,7.760E+08,2.450E+02,3.100E+01,4.680E+04,4.710E+04,1.220E+07,1.100E+04,1.220E+07,7.650E+08,8.140E+08,5.520E-05,3.980E-04,1.230E-04,1.900E-04,7.660E-04,2.170E-02,1.220E-03,2.290E-02,7.240E-09,9.170E-10,1.380E-06,1.390E-06,3.590E-04,3.240E-07,3.590E-04,2.260E-02,2.400E-02,6.9,3.96,7850,415,112.8,0.433,2.281,0,2.63,1.7,4.33,0.39,0,0.33,0,0.73
BR#11,SW,BR,BR_SW,2.460E+08,1.190E+04,8.660E+06,6.850E+05,4.780E+05,9.830E+06,3.000E+07,1.050E+06,3.110E+07,3.680E+01,0.000E+00,2.910E+03,2.950E+03,1.750E+06,5.090E+03,1.760E+06,3.780E+06,4.260E+07,4.840E-05,3.520E-02,2.780E-03,1.940E-03,4.000E-02,1.220E-01,4.260E-03,1.260E-01,1.500E-07,0.000E+00,1.180E-05,1.200E-05,7.130E-03,2.070E-05,7.150E-03,1.540E-02,1.730E-01,6.6,5.15,7500,1740,1078.5,4.261,18.8,0,7.7,1.41,9.11,0.21,184.46,0,0,184.67
BR#12,SW,BR,BR_SW,1.280E+10,1.700E+05,1.820E+08,2.890E+07,1.340E+07,2.240E+08,2.520E+09,2.160E+07,2.540E+09,1.110E+02,0.000E+00,2.560E+04,2.570E+04,3.930E+07,2.530E+04,3.930E+07,4.380E+07,2.810E+09,1.320E-05,1.420E-02,2.260E-03,1.040E-03,1.750E-02,1.960E-01,1.690E-03,1.980E-01,8.660E-09,0.000E+00,2.000E-06,2.010E-06,3.070E-03,1.980E-06,3.070E-03,3.420E-03,2.180E-01,6.9,7.93,8300,3080,125.6,8.933,85.672,NA,NA,NA,NA,NA,NA,NA,NA,NA
BR#13,SW,BR,BR_SW,5.210E+08,4.900E+04,1.610E+07,5.070E+06,5.630E+05,2.180E+07,8.640E+07,1.020E+06,8.740E+07,4.260E+01,0.000E+00,4.510E+03,4.550E+03,4.420E+06,2.860E+03,4.420E+06,1.810E+07,1.136E+08,9.390E-05,3.090E-02,9.720E-03,1.080E-03,4.180E-02,1.660E-01,1.950E-03,1.680E-01,8.180E-08,0.000E+00,8.650E-06,8.730E-06,8.470E-03,5.490E-06,8.480E-03,3.470E-02,2.180E-01,6.6,6.25,1600,500,68.9,0.455,1.88,0,11.07,0.38,11.45,11.53,1,4.64,0,17.18
BR#14,CA,BR,BR_CA,4.670E+10,2.240E+06,4.100E+07,2.530E+07,1.540E+07,8.390E+07,1.940E+08,1.380E+07,2.080E+08,0.000E+00,0.000E+00,3.810E+04,3.810E+04,6.660E+06,2.330E+04,6.680E+06,7.490E+07,2.980E+08,4.790E-05,8.790E-04,5.420E-04,3.310E-04,1.800E-03,4.160E-03,2.960E-04,4.460E-03,0.000E+00,0.000E+00,8.170E-07,8.170E-07,1.430E-04,4.990E-07,1.430E-04,1.610E-03,6.400E-03,6.9,4.16,12750,830,107.7,4.556,22.339,NA,NA,NA,NA,NA,NA,NA,NA,NA
BR#15,SW,BR,BR_SW,9.920E+08,1.730E+05,1.560E+06,2.810E+05,2.260E+05,2.240E+06,1.030E+08,8.950E+06,1.120E+08,0.000E+00,0.000E+00,1.610E+03,1.610E+03,1.070E+05,3.280E+03,1.100E+05,3.700E+07,1.140E+08,1.740E-04,1.580E-03,2.830E-04,2.280E-04,2.270E-03,1.040E-01,9.020E-03,1.130E-01,0.000E+00,0.000E+00,1.620E-06,1.620E-06,1.080E-04,3.310E-06,1.110E-04,3.730E-02,1.150E-01,6.6,1.6,210,80,36,0,0.058,NA,NA,NA,NA,NA,NA,NA,NA,NA
BR#16,CA,BR,BR_CA,3.090E+09,2.640E+05,6.210E+06,7.560E+05,1.490E+06,8.720E+06,5.090E+07,2.190E+06,5.310E+07,0.000E+00,4.630E+04,1.340E+05,1.800E+05,1.240E+06,4.640E+03,1.240E+06,2.460E+07,6.320E+07,8.540E-05,2.010E-03,2.450E-04,4.830E-04,2.820E-03,1.650E-02,7.100E-04,1.720E-02,0.000E+00,1.500E-05,4.330E-05,5.830E-05,4.020E-04,1.500E-06,4.040E-04,7.950E-03,2.050E-02,6.6,2.24,710,60,14.9,0.044,0.603,NA,NA,NA,NA,NA,NA,NA,NA,NA
BR#17,SW,BR,BR_SW,3.120E+09,4.230E+06,9.930E+07,4.480E+06,4.680E+06,1.127E+08,1.130E+08,1.470E+07,1.280E+08,3.060E+02,2.200E+01,2.570E+05,2.570E+05,1.050E+07,6.730E+03,1.050E+07,4.240E+07,2.510E+08,1.350E-03,3.180E-02,1.440E-03,1.500E-03,3.610E-02,3.620E-02,4.700E-03,4.090E-02,9.810E-08,7.050E-09,8.230E-05,8.240E-05,3.350E-03,2.160E-06,3.350E-03,1.360E-02,8.040E-02,6.6,4.75,1010,320,62.1,0.022,0.547,NA,NA,NA,NA,NA,NA,NA,NA,NA
BR#18,CA,BR,BR_CA,1.580E+10,1.900E+06,1.470E+07,3.980E+06,3.670E+06,2.430E+07,6.150E+07,2.070E+07,8.220E+07,1.380E+04,5.110E+04,2.560E+05,3.210E+05,4.690E+06,8.680E+03,4.700E+06,6.620E+07,1.115E+08,1.200E-04,9.310E-04,2.520E-04,2.330E-04,1.536E-03,3.900E-03,1.310E-03,5.210E-03,8.740E-07,3.240E-06,1.620E-05,2.030E-05,2.970E-04,5.510E-07,2.980E-04,4.200E-03,7.060E-03,6.6,1.7,1870,30,25.1,0.15,0.556,NA,NA,NA,NA,NA,NA,NA,NA,NA
BR#19,SW,BR,BR_SW,6.600E+09,3.200E+06,9.960E+07,3.110E+07,1.300E+07,1.469E+08,1.810E+08,2.210E+07,2.030E+08,0.000E+00,0.000E+00,1.280E+05,1.280E+05,4.190E+07,1.330E+04,4.190E+07,8.580E+07,3.920E+08,4.850E-04,1.510E-02,4.710E-03,1.970E-03,2.230E-02,2.750E-02,3.350E-03,3.090E-02,0.000E+00,0.000E+00,1.940E-05,1.940E-05,6.350E-03,2.010E-06,6.350E-03,1.300E-02,5.950E-02,6.6,7.72,3040,560,98,1.123,4.846,NA,NA,NA,NA,NA,NA,NA,NA,NA
BR#20,CA,BR,BR_CA,1.700E+10,6.660E+06,4.210E+07,8.690E+06,1.150E+07,6.900E+07,2.060E+08,6.650E+07,2.730E+08,1.480E+05,2.700E+03,8.020E+05,9.530E+05,1.870E+07,1.120E+04,1.870E+07,1.810E+08,3.610E+08,3.930E-04,2.480E-03,5.120E-04,6.760E-04,4.060E-03,1.210E-02,3.920E-03,1.600E-02,8.720E-06,1.590E-07,4.730E-05,5.620E-05,1.100E-03,6.600E-07,1.100E-03,1.070E-02,2.120E-02,6.6,2.21,1930,70,33.2,0.186,0.696,NA,NA,NA,NA,NA,NA,NA,NA,NA
BR#21,SW,BR,BR_SW,2.070E+10,1.370E+07,5.740E+02,2.850E+06,3.930E+06,2.050E+07,1.570E+09,9.380E+07,1.660E+09,8.820E+01,0.000E+00,4.220E+04,4.230E+04,2.550E+07,6.550E+03,2.550E+07,1.640E+09,1.710E+09,6.620E-04,2.780E-08,1.380E-04,1.900E-04,9.900E-04,7.610E-02,4.540E-03,8.060E-02,4.270E-09,0.000E+00,2.040E-06,2.040E-06,1.240E-03,3.170E-07,1.240E-03,1.900E-02,8.290E-02,7.2,5.47,830,270,14.9,0.026,0.42,NA,NA,NA,NA,NA,NA,NA,NA,NA
BR#22,SW,BR,BR_SW,1.040E+09,6.170E+05,1.320E+07,3.000E+06,1.870E+06,1.870E+07,7.130E+07,2.270E+06,7.360E+07,7.580E+02,6.750E+01,8.160E+04,8.240E+04,1.030E+06,2.390E+03,1.030E+06,3.980E+07,9.340E+07,5.960E-04,1.280E-02,2.900E-03,1.810E-03,1.810E-02,6.880E-02,2.200E-03,7.100E-02,7.320E-07,6.530E-08,7.890E-05,7.970E-05,9.950E-04,2.310E-06,9.970E-04,3.850E-02,9.020E-02,6.6,3.05,300,210,55,0.017,0.505,NA,NA,NA,NA,NA,NA,NA,NA,NA
BR#23,SW,BR,BR_SW,2.650E+09,5.530E+04,2.920E+07,3.080E+06,2.830E+06,3.520E+07,1.850E+08,1.860E+06,1.870E+08,1.190E+03,0.000E+00,1.290E+04,1.410E+04,1.160E+07,1.170E+04,1.160E+07,1.820E+07,2.340E+08,2.080E-05,1.100E-02,1.160E-03,1.070E-03,1.330E-02,6.970E-02,7.030E-04,7.040E-02,4.470E-07,0.000E+00,4.870E-06,5.320E-06,4.380E-03,4.410E-06,4.380E-03,6.860E-03,8.800E-02,6.6,5.94,8950,1940,262.7,9.411,57.822,0,5.91,1.7,7.61,0,0,0,0,0
BR#24,SW,BR,BR_SW,1.830E+09,5.770E+05,3.430E+07,8.820E+06,1.450E+06,4.510E+07,2.390E+08,1.990E+07,2.590E+08,2.760E+02,0.000E+00,2.560E+04,2.590E+04,4.550E+06,4.500E+03,4.550E+06,2.310E+08,3.090E+08,3.160E-04,1.880E-02,4.830E-03,7.970E-04,2.470E-02,1.310E-01,1.090E-02,1.420E-01,1.510E-07,0.000E+00,1.400E-05,1.420E-05,2.490E-03,2.460E-06,2.490E-03,1.260E-01,1.690E-01,6.9,4.84,430,200,24,0.073,0.313,NA,NA,NA,NA,NA,NA,NA,NA,NA
BR#25,SW,BR,BR_SW,2.620E+09,7.340E+05,3.310E+07,2.250E+06,4.810E+05,3.660E+07,5.450E+07,3.890E+06,5.840E+07,1.570E+02,0.000E+00,9.070E+04,9.090E+04,5.350E+06,4.910E+03,5.350E+06,3.920E+07,1.004E+08,2.800E-04,1.260E-02,8.570E-04,1.830E-04,1.390E-02,2.080E-02,1.480E-03,2.230E-02,5.970E-08,0.000E+00,3.460E-05,3.470E-05,2.040E-03,1.870E-06,2.040E-03,1.490E-02,3.830E-02,6.9,14.69,1390,640,9.7,0,0.023,NA,NA,NA,NA,NA,NA,NA,NA,NA
BR#26,SW,BR,BR_SW,2.320E+09,3.330E+05,2.640E+06,3.450E+05,1.510E+05,3.470E+06,5.450E+07,1.850E+07,7.300E+07,3.640E+02,1.720E+01,1.910E+03,2.290E+03,2.710E+05,3.110E+03,2.740E+05,4.280E+07,7.670E+07,1.440E-04,1.140E-03,1.490E-04,6.510E-05,1.500E-03,2.350E-02,7.970E-03,3.150E-02,1.570E-07,7.420E-09,8.230E-07,9.870E-07,1.170E-04,1.340E-06,1.180E-04,1.840E-02,3.310E-02,6.6,1.99,400,100,39.3,0,0.019,NA,NA,NA,NA,NA,NA,NA,NA,NA
BR#27,SW,BR,BR_SW,1.490E+09,4.360E+05,3.160E+07,1.830E+06,1.470E+06,3.530E+07,1.140E+08,7.350E+06,1.210E+08,2.610E+02,0.000E+00,2.280E+03,2.540E+03,8.830E+06,6.600E+03,8.840E+06,1.090E+08,1.660E+08,2.930E-04,2.130E-02,1.230E-03,9.890E-04,2.380E-02,7.670E-02,4.930E-03,8.160E-02,1.750E-07,0.000E+00,1.530E-06,1.710E-06,5.930E-03,4.430E-06,5.930E-03,7.290E-02,1.114E-01,7.2,6.12,490,380,30.4,0.116,0.285,NA,NA,NA,NA,NA,NA,NA,NA,NA
CS#1,NM,CS,CS,NA,NA,NA,NA,NA,NA,NA,NA,NA,NA,NA,NA,NA,NA,NA,NA,NA,NA,0,0,0,0,0,0,0,0,0,0,2.3087E-05,2.3087E-05,5.29377E-06,0,5.29377E-06,0,2.83808E-05,NA,NA,NA,NA,NA,NA,NA,NA,NA,NA,NA,NA,NA,NA,NA,NA
CS#2,NM,CS,CS,NA,NA,NA,NA,NA,NA,NA,NA,NA,NA,NA,NA,NA,NA,NA,NA,NA,NA,1.43911E-08,1.25506E-07,1.58863E-09,0,1.41486E-07,1.06099E-06,1.50618E-08,1.07606E-06,6.78585E-07,1.37935E-09,1.32606E-08,6.93225E-07,3.70998E-08,2.09195E-09,3.91917E-08,2.86836E-06,1.94996E-06,NA,NA,NA,NA,NA,NA,NA,NA,NA,NA,NA,NA,NA,NA,NA,NA
CS#3,NM,CS,CS,NA,NA,NA,NA,NA,NA,NA,NA,NA,NA,NA,NA,NA,NA,NA,NA,NA,NA,2.25765E-07,0.000128921,6.94482E-08,1.15587E-07,0.000129332,0.000114405,3.37828E-06,0.000117783,3.9041E-07,4.10606E-09,1.48811E-08,4.09397E-07,1.44854E-05,5.63654E-05,7.08508E-05,2.83476E-05,0.000318375,NA,NA,NA,NA,NA,NA,NA,NA,NA,NA,NA,NA,NA,NA,NA,NA
CS#4,NM,CS,CS,NA,NA,NA,NA,NA,NA,NA,NA,NA,NA,NA,NA,NA,NA,NA,NA,NA,NA,7.29355E-07,1.25292E-08,1.23053E-07,7.8405E-08,9.43342E-07,3.12221E-05,1.04597E-05,4.16818E-05,5.49844E-07,1.29551E-09,0,5.51139E-07,0,0.000180407,0.000180407,1.40582E-05,0.000223583,NA,NA,NA,NA,NA,NA,NA,NA,NA,NA,NA,NA,NA,NA,NA,NA
CS#5,NM,CS,CS,NA,NA,NA,NA,NA,NA,NA,NA,NA,NA,NA,NA,NA,NA,NA,NA,NA,NA,1.06013E-05,0,1.01011E-09,1.97967E-09,1.06043E-05,3.14974E-07,2.6513E-08,3.41487E-07,8.03611E-09,1.56013E-08,5.41007E-08,7.77382E-08,1.17148E-07,0,1.17148E-07,2.11072E-06,1.11407E-05,NA,NA,NA,NA,NA,NA,NA,NA,NA,NA,NA,NA,NA,NA,NA,NA
CS#6,LM,CS,CS,NA,NA,NA,NA,NA,NA,NA,NA,NA,NA,NA,NA,NA,NA,NA,NA,NA,NA,4.41494E-08,3.73795E-06,1.30912E-08,5.23357E-08,3.84753E-06,6.64787E-05,1.22059E-06,6.76993E-05,0,0,3.42691E-08,3.42691E-08,1.98156E-07,7.11535E-08,2.69309E-07,0.000103489,7.18504E-05,NA,NA,NA,NA,NA,NA,NA,NA,NA,NA,NA,NA,NA,NA,NA,NA
CS#7,LM,CS,CS,NA,NA,NA,NA,NA,NA,NA,NA,NA,NA,NA,NA,NA,NA,NA,NA,NA,NA,4.33905E-05,0.007038758,2.71157E-05,8.4859E-05,0.007194124,0.158380271,0.003554189,0.16193446,0,0,8.25985E-06,8.25985E-06,0.000747709,0.018223525,0.018971233,0.060091676,0.188108077,NA,NA,NA,NA,NA,NA,NA,NA,NA,NA,NA,NA,NA,NA,NA,NA
CS#8,LM,CS,CS,NA,NA,NA,NA,NA,NA,NA,NA,NA,NA,NA,NA,NA,NA,NA,NA,NA,NA,6.2999E-08,8.2522E-06,2.60514E-07,1.07929E-07,8.68365E-06,9.97377E-05,1.81476E-06,0.000101552,0,0,2.11877E-07,2.11877E-07,7.34321E-06,2.09435E-07,7.55264E-06,4.36001E-05,0.000118001,NA,NA,NA,NA,NA,NA,NA,NA,NA,NA,NA,NA,NA,NA,NA,NA
CS#9,LM,CS,CS,NA,NA,NA,NA,NA,NA,NA,NA,NA,NA,NA,NA,NA,NA,NA,NA,NA,NA,2.6075E-08,8.52165E-07,1.52355E-08,3.26116E-08,9.26087E-07,3.12897E-05,6.78206E-07,3.19679E-05,0,4.07639E-10,2.7224E-08,2.76316E-08,5.45262E-06,4.73087E-08,5.49993E-06,1.21576E-05,3.84216E-05,NA,NA,NA,NA,NA,NA,NA,NA,NA,NA,NA,NA,NA,NA,NA,NA
CS#10,LM,CS,CS,NA,NA,NA,NA,NA,NA,NA,NA,NA,NA,NA,NA,NA,NA,NA,NA,NA,NA,7.40898E-07,0.000201703,4.88555E-06,4.02647E-06,0.000211356,0.004493308,0.00328561,0.007778918,3.83749E-07,1.6049E-10,6.55973E-08,4.49507E-07,0.000207409,0.001943994,0.002151403,0.002441251,0.010142127,NA,NA,NA,NA,NA,NA,NA,NA,NA,NA,NA,NA,NA,NA,NA,NA
CS#11,PO,CS,CS,NA,NA,NA,NA,NA,NA,NA,NA,NA,NA,NA,NA,NA,NA,NA,NA,NA,NA,1.28438E-06,9.83008E-05,1.8049E-06,4.18428E-06,0.000105574,0.003888543,1.2539E-05,0.003901082,3.11967E-08,4.3834E-10,1.01077E-06,1.04241E-06,1.46357E-05,2.05678E-05,3.52034E-05,0.000183705,0.004042902,NA,NA,NA,NA,NA,NA,NA,NA,NA,NA,NA,NA,NA,NA,NA,NA
CS#12,PO,CS,CS,NA,NA,NA,NA,NA,NA,NA,NA,NA,NA,NA,NA,NA,NA,NA,NA,NA,NA,0.001077641,0,0,2.89927E-07,0.001077931,0.034129442,0.025532364,0.059661806,0,0,1.08153E-07,1.08153E-07,0.000110758,1.24151E-06,0.000112,0.008476945,0.060851845,NA,NA,NA,NA,NA,NA,NA,NA,NA,NA,NA,NA,NA,NA,NA,NA
CS#13,PO,CS,CS,NA,NA,NA,NA,NA,NA,NA,NA,NA,NA,NA,NA,NA,NA,NA,NA,NA,NA,1.96071E-07,4.74748E-08,8.35522E-09,1.94678E-08,2.71369E-07,0.007553977,0.001909444,0.009463421,2.08303E-08,0,2.11342E-08,4.19645E-08,3.71332E-07,0.026646033,0.026646405,0.001001839,0.036110139,NA,NA,NA,NA,NA,NA,NA,NA,NA,NA,NA,NA,NA,NA,NA,NA
CS#14,PO,CS,CS,NA,NA,NA,NA,NA,NA,NA,NA,NA,NA,NA,NA,NA,NA,NA,NA,NA,NA,0,0,0,0,0,0,0.023615585,0.023615585,0,0,0,0,0,0,0,0.009860527,0.023615585,NA,NA,NA,NA,NA,NA,NA,NA,NA,NA,NA,NA,NA,NA,NA,NA
CS#15,PO,CS,CS,NA,NA,NA,NA,NA,NA,NA,NA,NA,NA,NA,NA,NA,NA,NA,NA,NA,NA,1.87974E-08,7.30994E-05,4.70945E-06,1.15163E-06,7.89793E-05,0.001241693,7.48538E-07,0.001242441,3.37508E-09,0,3.33164E-08,3.66914E-08,7.02312E-05,6.16108E-08,7.02929E-05,0.001054594,0.00139175,NA,NA,NA,NA,NA,NA,NA,NA,NA,NA,NA,NA,NA,NA,NA,NA
CS#16,CA,CS,CS,NA,NA,NA,NA,NA,NA,NA,NA,NA,NA,NA,NA,NA,NA,NA,NA,NA,NA,1.59217E-06,6.70876E-09,3.15587E-07,3.34441E-07,2.24891E-06,0.015030034,0.007547061,0.022577095,1.15444E-07,0,8.2328E-09,1.23677E-07,1.4704E-07,0.000364665,0.000364812,0.002504414,0.022944279,NA,NA,NA,NA,NA,NA,NA,NA,NA,NA,NA,NA,NA,NA,NA,NA
CS#17,CA,CS,CS,NA,NA,NA,NA,NA,NA,NA,NA,NA,NA,NA,NA,NA,NA,NA,NA,NA,NA,0,0,7.13452E-08,1.18756E-06,1.25891E-06,0.022079045,0.000196397,0.022275442,0,0,0,0,5.22074E-06,2.48686E-06,7.7076E-06,0.000549486,0.022284409,NA,NA,NA,NA,NA,NA,NA,NA,NA,NA,NA,NA,NA,NA,NA,NA
CS#18,CA,CS,CS,NA,NA,NA,NA,NA,NA,NA,NA,NA,NA,NA,NA,NA,NA,NA,NA,NA,NA,1.2091E-07,6.06973E-07,2.37386E-09,1.24642E-08,7.4272E-07,0.000267153,7.35798E-05,0.000340733,6.56581E-06,0,2.36022E-08,6.58941E-06,3.58487E-07,9.24141E-08,4.50901E-07,8.31599E-05,0.000348516,NA,NA,NA,NA,NA,NA,NA,NA,NA,NA,NA,NA,NA,NA,NA,NA
CS#19,CA,CS,CS,NA,NA,NA,NA,NA,NA,NA,NA,NA,NA,NA,NA,NA,NA,NA,NA,NA,NA,1.03467E-07,3.79703E-08,0,9.6233E-09,1.5106E-07,4.53966E-05,4.6931E-05,9.23276E-05,1.06078E-05,0,2.4285E-07,1.08506E-05,2.84198E-08,8.7057E-07,8.9899E-07,5.79725E-05,0.000104228,NA,NA,NA,NA,NA,NA,NA,NA,NA,NA,NA,NA,NA,NA,NA,NA
CS#20,SW,CS,CS,NA,NA,NA,NA,NA,NA,NA,NA,NA,NA,NA,NA,NA,NA,NA,NA,NA,NA,2.28438E-05,0,7.87997E-07,3.10283E-07,2.39421E-05,0.086981633,0.001937764,0.088919396,0,0,2.87522E-07,2.87522E-07,4.80497E-05,0,4.80497E-05,0.052695922,0.088991676,NA,NA,NA,NA,NA,NA,NA,NA,NA,NA,NA,NA,NA,NA,NA,NA
CS#21,SW,CS,CS,NA,NA,NA,NA,NA,NA,NA,NA,NA,NA,NA,NA,NA,NA,NA,NA,NA,NA,1.9283E-05,5.20073E-06,1.47429E-07,3.84234E-08,2.46696E-05,0.009155929,0.023943092,0.033099021,1.0492E-07,0,1.08978E-07,2.13899E-07,2.11493E-05,0.007478922,0.007500071,0.013306238,0.040623975,NA,NA,NA,NA,NA,NA,NA,NA,NA,NA,NA,NA,NA,NA,NA,NA
CS#22,SW,CS,CS,NA,NA,NA,NA,NA,NA,NA,NA,NA,NA,NA,NA,NA,NA,NA,NA,NA,NA,3.9425E-08,1.04423E-07,0,0,1.43848E-07,1.47294E-05,7.95336E-07,1.55248E-05,1.50218E-05,0,3.00183E-08,1.50518E-05,1.29174E-07,6.62326E-08,1.95406E-07,3.21941E-06,3.09158E-05,NA,NA,NA,NA,NA,NA,NA,NA,NA,NA,NA,NA,NA,NA,NA,NA
CS#23,SW,CS,CS,NA,NA,NA,NA,NA,NA,NA,NA,NA,NA,NA,NA,NA,NA,NA,NA,NA,NA,0,5.25469E-05,0,4.10006E-06,5.66469E-05,0,0.000931557,0.000931557,0,2.57694E-07,1.35476E-06,1.61246E-06,0.000455201,0,0.000455201,0.010199533,0.001445018,NA,NA,NA,NA,NA,NA,NA,NA,NA,NA,NA,NA,NA,NA,NA,NA
CS#24,MM,CS,CS,NA,NA,NA,NA,NA,NA,NA,NA,NA,NA,NA,NA,NA,NA,NA,NA,NA,NA,9.98505E-06,0,0,5.57061E-06,1.55557E-05,0.054021245,0.011550383,0.065571627,0,0,0,0,0.000133,1.73622E-05,0.000150362,0.047176954,0.065737545,NA,NA,NA,NA,NA,NA,NA,NA,NA,NA,NA,NA,NA,NA,NA,NA
CS#25,MM,CS,CS,NA,NA,NA,NA,NA,NA,NA,NA,NA,NA,NA,NA,NA,NA,NA,NA,NA,NA,0,0,0,2.05795E-10,2.05795E-10,4.68373E-05,4.39157E-05,9.0753E-05,0,0,4.64772E-10,4.64772E-10,0,0,0,0.000185074,9.07537E-05,NA,NA,NA,NA,NA,NA,NA,NA,NA,NA,NA,NA,NA,NA,NA,NA
CS#26,MM,CS,CS,NA,NA,NA,NA,NA,NA,NA,NA,NA,NA,NA,NA,NA,NA,NA,NA,NA,NA,6.28612E-09,2.05317E-06,2.0157E-09,1.18969E-07,2.18044E-06,0.000212238,0.00017897,0.000391208,9.49667E-10,0,4.30675E-09,5.25641E-09,6.91063E-07,3.09501E-08,7.22013E-07,9.11381E-05,0.000394116,NA,NA,NA,NA,NA,NA,NA,NA,NA,NA,NA,NA,NA,NA,NA,NA
CS#27,MM,CS,CS,NA,NA,NA,NA,NA,NA,NA,NA,NA,NA,NA,NA,NA,NA,NA,NA,NA,NA,3.01287E-08,4.4111E-07,8.91803E-11,9.30276E-11,4.71421E-07,0.000144207,0.000125054,0.000269261,0,0,1.10022E-09,1.10022E-09,1.62664E-07,2.40169E-08,1.86681E-07,0.000211179,0.00026992,NA,NA,NA,NA,NA,NA,NA,NA,NA,NA,NA,NA,NA,NA,NA,NA
CS#28,MM,CS,CS,NA,NA,NA,NA,NA,NA,NA,NA,NA,NA,NA,NA,NA,NA,NA,NA,NA,NA,3.58999E-06,1.44668E-07,0,3.58827E-09,3.73825E-06,3.67303E-05,2.15761E-05,5.83065E-05,6.78944E-07,0,1.41138E-07,8.20082E-07,5.28071E-07,3.45894E-07,8.73965E-07,8.68204E-06,6.37388E-05,NA,NA,NA,NA,NA,NA,NA,NA,NA,NA,NA,NA,NA,NA,NA,NA
